Id,Category
0,12
1,1
2,0
3,18
4,0
5,13
6,15
7,2
8,5
9,1
10,2
11,5
12,17
13,12
14,15
15,3
16,2
17,1
18,6
19,9
20,15
21,6
22,3
23,14
24,3
25,13
26,11
27,7
28,7
29,3
30,5
31,5
32,4
33,3
34,14
35,5
36,9
37,6
38,4
39,1
40,17
41,12
42,8
43,4
44,16
45,9
46,14
47,3
48,3
49,11
50,8
51,8
52,7
53,9
54,12
55,12
56,3
57,17
58,16
59,14
60,8
61,10
62,17
63,2
64,3
65,18
66,18
67,2
68,3
69,9
70,8
71,12
72,10
73,19
74,3
75,12
76,19
77,7
78,18
79,9
80,6
81,18
82,12
83,12
84,12
85,10
86,16
87,15
88,8
89,3
90,3
91,12
92,16
93,15
94,16
95,19
96,9
97,1
98,3
99,16
100,2
101,10
102,14
103,15
104,3
105,16
106,10
107,12
108,12
109,12
110,8
111,3
112,17
113,12
114,8
115,14
116,9
117,1
118,9
119,17
120,12
121,4
122,4
123,5
124,9
125,13
126,6
127,8
128,3
129,2
130,16
131,11
132,6
133,12
134,10
135,12
136,6
137,1
138,3
139,6
140,9
141,14
142,7
143,7
144,10
145,12
146,10
147,12
148,15
149,13
150,3
151,4
152,15
153,4
154,6
155,14
156,13
157,2
158,10
159,4
160,11
161,17
162,9
163,5
164,12
165,8
166,7
167,16
168,3
169,7
170,1
171,7
172,7
173,8
174,4
175,12
176,10
177,0
178,10
179,1
180,4
181,12
182,1
183,0
184,12
185,16
186,8
187,4
188,3
189,12
190,13
191,11
192,13
193,16
194,2
195,15
196,14
197,6
198,12
199,19
200,15
201,7
202,4
203,6
204,15
205,12
206,9
207,12
208,16
209,15
210,2
211,14
212,6
213,0
214,16
215,3
216,1
217,10
218,2
219,15
220,7
221,16
222,3
223,2
224,14
225,2
226,7
227,12
228,5
229,12
230,10
231,1
232,4
233,17
234,15
235,4
236,15
237,9
238,1
239,7
240,12
241,7
242,8
243,10
244,14
245,1
246,14
247,12
248,11
249,8
250,15
251,6
252,4
253,3
254,3
255,17
256,7
257,8
258,10
259,4
260,4
261,2
262,5
263,8
264,1
265,12
266,18
267,1
268,13
269,12
270,8
271,12
272,16
273,8
274,4
275,15
276,5
277,3
278,1
279,3
280,15
281,10
282,3
283,2
284,14
285,2
286,17
287,13
288,6
289,18
290,6
291,3
292,15
293,7
294,3
295,10
296,8
297,4
298,9
299,12
300,10
301,15
302,19
303,6
304,12
305,5
306,16
307,7
308,17
309,16
310,10
311,4
312,4
313,3
314,5
315,4
316,12
317,1
318,9
319,2
320,15
321,3
322,4
323,8
324,5
325,12
326,16
327,12
328,0
329,14
330,16
331,10
332,1
333,14
334,15
335,3
336,19
337,11
338,12
339,13
340,3
341,12
342,13
343,12
344,1
345,19
346,6
347,15
348,10
349,2
350,12
351,16
352,5
353,11
354,3
355,7
356,18
357,18
358,12
359,15
360,8
361,14
362,7
363,10
364,5
365,15
366,1
367,4
368,0
369,6
370,18
371,8
372,3
373,11
374,2
375,14
376,6
377,18
378,9
379,6
380,4
381,12
382,13
383,7
384,7
385,18
386,15
387,3
388,7
389,11
390,7
391,13
392,4
393,14
394,9
395,3
396,3
397,6
398,12
399,4
400,0
401,19
402,2
403,3
404,3
405,12
406,12
407,2
408,3
409,9
410,5
411,7
412,19
413,13
414,12
415,11
416,15
417,6
418,10
419,11
420,15
421,10
422,3
423,1
424,1
425,0
426,5
427,1
428,8
429,18
430,2
431,8
432,13
433,15
434,12
435,5
436,3
437,3
438,17
439,12
440,15
441,18
442,9
443,4
444,4
445,14
446,1
447,18
448,11
449,7
450,12
451,19
452,6
453,2
454,10
455,15
456,3
457,12
458,12
459,8
460,15
461,14
462,2
463,5
464,19
465,16
466,12
467,9
468,14
469,17
470,3
471,18
472,8
473,6
474,19
475,13
476,12
477,13
478,7
479,9
480,14
481,12
482,12
483,6
484,1
485,2
486,2
487,12
488,9
489,3
490,3
491,6
492,3
493,7
494,13
495,3
496,12
497,12
498,15
499,8
500,9
501,1
502,9
503,15
504,0
505,8
506,7
507,12
508,15
509,6
510,14
511,9
512,0
513,18
514,9
515,2
516,12
517,4
518,7
519,5
520,2
521,10
522,12
523,5
524,8
525,16
526,17
527,14
528,13
529,10
530,19
531,1
532,16
533,13
534,7
535,6
536,11
537,9
538,1
539,4
540,5
541,10
542,17
543,3
544,13
545,7
546,17
547,13
548,16
549,8
550,4
551,4
552,15
553,11
554,10
555,11
556,4
557,0
558,8
559,15
560,8
561,0
562,12
563,14
564,9
565,12
566,1
567,18
568,1
569,3
570,1
571,17
572,3
573,17
574,8
575,4
576,3
577,14
578,3
579,12
580,16
581,10
582,10
583,16
584,1
585,11
586,3
587,17
588,9
589,3
590,16
591,4
592,13
593,2
594,10
595,1
596,19
597,9
598,14
599,2
600,14
601,9
602,10
603,7
604,11
605,5
606,3
607,9
608,4
609,5
610,9
611,5
612,15
613,18
614,3
615,0
616,2
617,12
618,7
619,9
620,9
621,14
622,16
623,15
624,6
625,17
626,12
627,3
628,4
629,19
630,1
631,3
632,5
633,15
634,6
635,15
636,12
637,5
638,3
639,17
640,12
641,9
642,12
643,10
644,3
645,12
646,8
647,6
648,2
649,1
650,15
651,17
652,6
653,3
654,1
655,7
656,2
657,5
658,2
659,15
660,3
661,7
662,8
663,5
664,10
665,0
666,8
667,7
668,1
669,11
670,3
671,15
672,10
673,13
674,5
675,17
676,4
677,12
678,8
679,3
680,8
681,14
682,2
683,9
684,2
685,1
686,3
687,12
688,3
689,12
690,2
691,12
692,16
693,9
694,12
695,15
696,9
697,11
698,16
699,16
700,5
701,3
702,14
703,5
704,12
705,3
706,15
707,16
708,12
709,12
710,15
711,19
712,15
713,13
714,10
715,12
716,15
717,11
718,1
719,1
720,12
721,12
722,8
723,8
724,9
725,0
726,7
727,12
728,6
729,13
730,14
731,12
732,10
733,6
734,6
735,5
736,10
737,11
738,8
739,2
740,3
741,2
742,14
743,12
744,12
745,7
746,17
747,11
748,5
749,8
750,10
751,12
752,15
753,16
754,10
755,4
756,1
757,7
758,5
759,15
760,5
761,7
762,7
763,17
764,5
765,10
766,14
767,10
768,4
769,8
770,19
771,15
772,15
773,13
774,7
775,17
776,14
777,14
778,12
779,9
780,9
781,2
782,16
783,3
784,13
785,4
786,5
787,4
788,18
789,11
790,18
791,2
792,4
793,0
794,1
795,9
796,9
797,4
798,12
799,15
800,8
801,2
802,5
803,5
804,13
805,10
806,4
807,17
808,16
809,16
810,14
811,16
812,2
813,3
814,12
815,14
816,4
817,2
818,12
819,12
820,13
821,0
822,17
823,6
824,15
825,11
826,11
827,17
828,3
829,4
830,2
831,16
832,16
833,17
834,12
835,10
836,4
837,3
838,8
839,1
840,3
841,19
842,10
843,6
844,10
845,3
846,3
847,3
848,9
849,3
850,1
851,12
852,3
853,4
854,10
855,3
856,12
857,19
858,14
859,6
860,19
861,10
862,10
863,19
864,8
865,18
866,14
867,16
868,5
869,14
870,1
871,13
872,15
873,5
874,12
875,16
876,2
877,16
878,2
879,9
880,12
881,8
882,17
883,1
884,6
885,10
886,8
887,2
888,14
889,12
890,14
891,14
892,10
893,9
894,11
895,3
896,11
897,17
898,9
899,18
900,12
901,12
902,12
903,7
904,15
905,12
906,14
907,8
908,3
909,4
910,9
911,14
912,4
913,2
914,9
915,10
916,9
917,12
918,17
919,1
920,19
921,1
922,9
923,18
924,1
925,4
926,8
927,12
928,19
929,0
930,10
931,17
932,11
933,7
934,6
935,10
936,11
937,15
938,13
939,16
940,17
941,4
942,3
943,10
944,17
945,3
946,15
947,12
948,2
949,8
950,0
951,12
952,17
953,2
954,2
955,10
956,14
957,15
958,13
959,4
960,9
961,6
962,6
963,12
964,8
965,11
966,18
967,0
968,5
969,12
970,9
971,8
972,12
973,0
974,4
975,7
976,3
977,6
978,12
979,5
980,16
981,19
982,12
983,10
984,15
985,3
986,17
987,0
988,12
989,15
990,4
991,6
992,3
993,15
994,0
995,8
996,13
997,9
998,16
999,12
1000,9
1001,16
1002,18
1003,1
1004,5
1005,6
1006,11
1007,15
1008,1
1009,10
1010,6
1011,14
1012,15
1013,2
1014,9
1015,10
1016,15
1017,8
1018,10
1019,1
1020,19
1021,14
1022,3
1023,4
1024,10
1025,9
1026,12
1027,1
1028,16
1029,8
1030,1
1031,5
1032,1
1033,8
1034,14
1035,12
1036,0
1037,14
1038,15
1039,12
1040,0
1041,8
1042,12
1043,12
1044,11
1045,4
1046,5
1047,8
1048,10
1049,14
1050,16
1051,15
1052,3
1053,14
1054,15
1055,7
1056,15
1057,11
1058,12
1059,11
1060,9
1061,7
1062,19
1063,19
1064,19
1065,15
1066,1
1067,3
1068,6
1069,8
1070,6
1071,12
1072,0
1073,2
1074,18
1075,1
1076,12
1077,16
1078,12
1079,12
1080,8
1081,7
1082,7
1083,0
1084,17
1085,6
1086,4
1087,3
1088,1
1089,0
1090,6
1091,12
1092,4
1093,10
1094,16
1095,6
1096,9
1097,17
1098,2
1099,5
1100,15
1101,12
1102,12
1103,3
1104,12
1105,5
1106,13
1107,3
1108,1
1109,2
1110,11
1111,19
1112,14
1113,16
1114,14
1115,18
1116,15
1117,3
1118,12
1119,12
1120,13
1121,3
1122,3
1123,15
1124,1
1125,7
1126,7
1127,13
1128,7
1129,5
1130,1
1131,5
1132,9
1133,0
1134,5
1135,4
1136,7
1137,10
1138,3
1139,12
1140,3
1141,10
1142,7
1143,12
1144,3
1145,3
1146,1
1147,13
1148,12
1149,3
1150,14
1151,2
1152,3
1153,11
1154,12
1155,3
1156,11
1157,14
1158,10
1159,7
1160,13
1161,11
1162,16
1163,9
1164,3
1165,13
1166,12
1167,12
1168,2
1169,1
1170,12
1171,6
1172,1
1173,2
1174,1
1175,5
1176,3
1177,10
1178,1
1179,6
1180,3
1181,15
1182,6
1183,6
1184,3
1185,1
1186,3
1187,1
1188,16
1189,1
1190,3
1191,17
1192,1
1193,7
1194,7
1195,6
1196,12
1197,1
1198,14
1199,16
1200,3
1201,8
1202,2
1203,0
1204,12
1205,5
1206,15
1207,15
1208,15
1209,12
1210,7
1211,1
1212,3
1213,3
1214,4
1215,11
1216,10
1217,6
1218,19
1219,1
1220,10
1221,3
1222,10
1223,15
1224,12
1225,19
1226,9
1227,3
1228,10
1229,17
1230,12
1231,9
1232,8
1233,6
1234,16
1235,1
1236,3
1237,8
1238,6
1239,2
1240,1
1241,15
1242,1
1243,6
1244,5
1245,6
1246,16
1247,7
1248,3
1249,3
1250,3
1251,15
1252,7
1253,15
1254,3
1255,5
1256,15
1257,6
1258,2
1259,18
1260,7
1261,2
1262,17
1263,6
1264,12
1265,5
1266,1
1267,3
1268,19
1269,15
1270,8
1271,5
1272,1
1273,1
1274,2
1275,12
1276,1
1277,9
1278,17
1279,4
1280,16
1281,13
1282,0
1283,15
1284,4
1285,4
1286,16
1287,12
1288,9
1289,0
1290,13
1291,8
1292,13
1293,3
1294,3
1295,5
1296,14
1297,2
1298,8
1299,14
1300,12
1301,3
1302,18
1303,12
1304,10
1305,10
1306,11
1307,0
1308,3
1309,12
1310,12
1311,12
1312,5
1313,6
1314,18
1315,3
1316,14
1317,16
1318,17
1319,6
1320,16
1321,10
1322,16
1323,3
1324,8
1325,14
1326,8
1327,13
1328,9
1329,6
1330,8
1331,12
1332,4
1333,1
1334,4
1335,17
1336,5
1337,4
1338,0
1339,4
1340,15
1341,15
1342,15
1343,4
1344,6
1345,8
1346,15
1347,17
1348,0
1349,3
1350,9
1351,7
1352,4
1353,7
1354,0
1355,11
1356,4
1357,17
1358,3
1359,0
1360,2
1361,4
1362,12
1363,3
1364,0
1365,11
1366,11
1367,11
1368,15
1369,4
1370,16
1371,2
1372,12
1373,5
1374,9
1375,1
1376,10
1377,1
1378,11
1379,7
1380,12
1381,17
1382,2
1383,6
1384,6
1385,2
1386,12
1387,8
1388,7
1389,19
1390,13
1391,3
1392,8
1393,0
1394,12
1395,3
1396,1
1397,3
1398,2
1399,14
1400,4
1401,12
1402,7
1403,12
1404,3
1405,1
1406,4
1407,15
1408,1
1409,11
1410,17
1411,7
1412,4
1413,6
1414,9
1415,3
1416,14
1417,2
1418,1
1419,12
1420,12
1421,16
1422,17
1423,9
1424,10
1425,7
1426,12
1427,15
1428,15
1429,9
1430,7
1431,9
1432,12
1433,2
1434,10
1435,12
1436,15
1437,4
1438,17
1439,7
1440,8
1441,4
1442,1
1443,4
1444,18
1445,12
1446,14
1447,14
1448,5
1449,1
1450,12
1451,18
1452,6
1453,11
1454,4
1455,14
1456,8
1457,4
1458,12
1459,6
1460,3
1461,17
1462,1
1463,9
1464,12
1465,3
1466,11
1467,18
1468,3
1469,7
1470,11
1471,1
1472,11
1473,9
1474,6
1475,3
1476,12
1477,1
1478,12
1479,16
1480,18
1481,13
1482,0
1483,16
1484,12
1485,12
1486,13
1487,6
1488,15
1489,18
1490,13
1491,0
1492,4
1493,3
1494,19
1495,9
1496,13
1497,17
1498,5
1499,3
1500,18
1501,3
1502,14
1503,16
1504,1
1505,5
1506,3
1507,12
1508,3
1509,1
1510,14
1511,3
1512,14
1513,2
1514,7
1515,15
1516,4
1517,11
1518,19
1519,15
1520,12
1521,19
1522,1
1523,16
1524,13
1525,12
1526,12
1527,7
1528,6
1529,7
1530,6
1531,14
1532,3
1533,14
1534,18
1535,7
1536,6
1537,8
1538,0
1539,15
1540,2
1541,16
1542,10
1543,2
1544,10
1545,16
1546,3
1547,10
1548,2
1549,15
1550,8
1551,2
1552,5
1553,2
1554,17
1555,12
1556,18
1557,6
1558,3
1559,2
1560,14
1561,2
1562,4
1563,2
1564,14
1565,6
1566,12
1567,8
1568,7
1569,1
1570,13
1571,3
1572,11
1573,3
1574,14
1575,3
1576,7
1577,6
1578,5
1579,2
1580,3
1581,5
1582,12
1583,10
1584,2
1585,17
1586,8
1587,16
1588,2
1589,9
1590,2
1591,1
1592,5
1593,12
1594,19
1595,0
1596,1
1597,12
1598,9
1599,10
1600,6
1601,12
1602,11
1603,8
1604,17
1605,16
1606,1
1607,5
1608,15
1609,0
1610,11
1611,9
1612,9
1613,16
1614,19
1615,3
1616,13
1617,2
1618,11
1619,17
1620,4
1621,12
1622,6
1623,1
1624,6
1625,12
1626,2
1627,15
1628,3
1629,12
1630,2
1631,8
1632,14
1633,13
1634,17
1635,11
1636,5
1637,4
1638,6
1639,11
1640,1
1641,12
1642,4
1643,8
1644,16
1645,12
1646,1
1647,1
1648,7
1649,13
1650,3
1651,12
1652,16
1653,1
1654,5
1655,18
1656,1
1657,17
1658,10
1659,3
1660,8
1661,13
1662,11
1663,0
1664,13
1665,16
1666,10
1667,3
1668,4
1669,11
1670,2
1671,18
1672,19
1673,2
1674,4
1675,12
1676,15
1677,12
1678,10
1679,10
1680,11
1681,16
1682,12
1683,6
1684,13
1685,2
1686,0
1687,6
1688,1
1689,15
1690,15
1691,14
1692,8
1693,2
1694,13
1695,3
1696,18
1697,6
1698,1
1699,17
1700,9
1701,3
1702,15
1703,16
1704,1
1705,17
1706,14
1707,12
1708,3
1709,5
1710,3
1711,0
1712,4
1713,1
1714,11
1715,6
1716,15
1717,2
1718,3
1719,10
1720,0
1721,8
1722,2
1723,3
1724,17
1725,6
1726,1
1727,3
1728,8
1729,16
1730,16
1731,4
1732,18
1733,4
1734,2
1735,18
1736,2
1737,13
1738,17
1739,9
1740,1
1741,16
1742,12
1743,6
1744,1
1745,3
1746,18
1747,6
1748,4
1749,0
1750,14
1751,12
1752,7
1753,15
1754,3
1755,19
1756,7
1757,3
1758,3
1759,11
1760,10
1761,2
1762,19
1763,17
1764,9
1765,3
1766,1
1767,5
1768,17
1769,6
1770,1
1771,17
1772,10
1773,17
1774,3
1775,14
1776,3
1777,17
1778,16
1779,3
1780,4
1781,6
1782,18
1783,12
1784,14
1785,7
1786,8
1787,11
1788,8
1789,13
1790,8
1791,3
1792,7
1793,3
1794,2
1795,8
1796,4
1797,12
1798,12
1799,3
1800,6
1801,12
1802,2
1803,3
1804,7
1805,18
1806,3
1807,4
1808,11
1809,4
1810,16
1811,18
1812,19
1813,18
1814,17
1815,7
1816,6
1817,1
1818,11
1819,14
1820,6
1821,15
1822,3
1823,10
1824,12
1825,10
1826,11
1827,0
1828,16
1829,18
1830,2
1831,15
1832,1
1833,9
1834,2
1835,9
1836,8
1837,19
1838,12
1839,15
1840,16
1841,12
1842,0
1843,16
1844,16
1845,6
1846,6
1847,1
1848,15
1849,15
1850,12
1851,18
1852,12
1853,2
1854,13
1855,15
1856,18
1857,12
1858,3
1859,9
1860,7
1861,0
1862,7
1863,3
1864,19
1865,11
1866,15
1867,6
1868,2
1869,6
1870,1
1871,3
1872,11
1873,11
1874,0
1875,15
1876,4
1877,16
1878,8
1879,9
1880,16
1881,1
1882,2
1883,16
1884,14
1885,6
1886,1
1887,3
1888,3
1889,12
1890,6
1891,3
1892,12
1893,4
1894,4
1895,1
1896,14
1897,10
1898,2
1899,6
1900,5
1901,13
1902,16
1903,3
1904,9
1905,14
1906,4
1907,12
1908,14
1909,19
1910,3
1911,8
1912,14
1913,12
1914,1
1915,1
1916,0
1917,2
1918,6
1919,3
1920,1
1921,7
1922,2
1923,7
1924,10
1925,17
1926,3
1927,2
1928,5
1929,6
1930,3
1931,19
1932,16
1933,5
1934,3
1935,8
1936,11
1937,3
1938,16
1939,3
1940,12
1941,2
1942,14
1943,3
1944,10
1945,16
1946,9
1947,7
1948,12
1949,7
1950,3
1951,1
1952,4
1953,8
1954,14
1955,11
1956,11
1957,9
1958,6
1959,19
1960,17
1961,2
1962,12
1963,10
1964,4
1965,3
1966,14
1967,12
1968,9
1969,11
1970,1
1971,2
1972,1
1973,6
1974,3
1975,12
1976,9
1977,16
1978,3
1979,11
1980,1
1981,16
1982,8
1983,10
1984,15
1985,9
1986,6
1987,7
1988,0
1989,7
1990,4
1991,15
1992,4
1993,14
1994,16
1995,12
1996,16
1997,11
1998,5
1999,3
2000,13
2001,13
2002,15
2003,0
2004,12
2005,1
2006,11
2007,14
2008,3
2009,15
2010,9
2011,1
2012,3
2013,3
2014,15
2015,2
2016,9
2017,10
2018,12
2019,1
2020,3
2021,17
2022,1
2023,11
2024,12
2025,13
2026,19
2027,13
2028,12
2029,4
2030,8
2031,19
2032,3
2033,16
2034,19
2035,3
2036,2
2037,3
2038,19
2039,4
2040,16
2041,2
2042,7
2043,2
2044,10
2045,11
2046,0
2047,4
2048,6
2049,4
2050,9
2051,12
2052,15
2053,15
2054,6
2055,15
2056,7
2057,0
2058,15
2059,4
2060,9
2061,12
2062,1
2063,12
2064,17
2065,12
2066,10
2067,3
2068,17
2069,4
2070,0
2071,6
2072,1
2073,12
2074,17
2075,7
2076,3
2077,15
2078,13
2079,3
2080,2
2081,15
2082,1
2083,15
2084,4
2085,7
2086,14
2087,12
2088,11
2089,12
2090,6
2091,13
2092,9
2093,6
2094,12
2095,0
2096,5
2097,3
2098,3
2099,10
2100,13
2101,3
2102,6
2103,13
2104,16
2105,1
2106,17
2107,9
2108,10
2109,0
2110,19
2111,13
2112,13
2113,18
2114,8
2115,3
2116,17
2117,0
2118,15
2119,3
2120,3
2121,0
2122,4
2123,12
2124,7
2125,14
2126,10
2127,12
2128,4
2129,4
2130,9
2131,17
2132,14
2133,1
2134,6
2135,16
2136,10
2137,13
2138,3
2139,15
2140,17
2141,2
2142,7
2143,2
2144,15
2145,5
2146,13
2147,2
2148,2
2149,7
2150,16
2151,7
2152,14
2153,7
2154,15
2155,15
2156,12
2157,6
2158,3
2159,5
2160,3
2161,14
2162,13
2163,0
2164,4
2165,7
2166,10
2167,16
2168,16
2169,13
2170,1
2171,16
2172,0
2173,13
2174,2
2175,16
2176,13
2177,13
2178,12
2179,2
2180,14
2181,2
2182,8
2183,4
2184,4
2185,14
2186,2
2187,12
2188,12
2189,13
2190,6
2191,1
2192,15
2193,10
2194,16
2195,11
2196,16
2197,8
2198,11
2199,9
2200,4
2201,18
2202,9
2203,18
2204,10
2205,8
2206,1
2207,7
2208,9
2209,9
2210,1
2211,7
2212,5
2213,12
2214,17
2215,13
2216,16
2217,8
2218,7
2219,18
2220,7
2221,6
2222,19
2223,1
2224,10
2225,18
2226,15
2227,14
2228,16
2229,6
2230,4
2231,15
2232,6
2233,19
2234,4
2235,3
2236,11
2237,1
2238,3
2239,12
2240,6
2241,14
2242,15
2243,2
2244,12
2245,3
2246,18
2247,11
2248,5
2249,15
2250,12
2251,13
2252,12
2253,7
2254,7
2255,8
2256,3
2257,12
2258,14
2259,19
2260,3
2261,18
2262,12
2263,19
2264,2
2265,8
2266,7
2267,2
2268,18
2269,6
2270,4
2271,18
2272,6
2273,3
2274,19
2275,2
2276,17
2277,12
2278,9
2279,12
2280,13
2281,3
2282,5
2283,3
2284,8
2285,2
2286,5
2287,13
2288,5
2289,11
2290,2
2291,7
2292,14
2293,11
2294,11
2295,2
2296,3
2297,11
2298,8
2299,12
2300,19
2301,15
2302,2
2303,10
2304,12
2305,17
2306,5
2307,4
2308,6
2309,3
2310,3
2311,19
2312,10
2313,12
2314,3
2315,2
2316,7
2317,4
2318,0
2319,15
2320,15
2321,6
2322,3
2323,6
2324,13
2325,8
2326,3
2327,11
2328,4
2329,4
2330,2
2331,10
2332,1
2333,8
2334,13
2335,7
2336,8
2337,5
2338,15
2339,7
2340,2
2341,17
2342,8
2343,17
2344,5
2345,1
2346,14
2347,4
2348,15
2349,3
2350,13
2351,12
2352,12
2353,14
2354,2
2355,12
2356,12
2357,10
2358,11
2359,15
2360,12
2361,12
2362,1
2363,4
2364,2
2365,1
2366,7
2367,1
2368,3
2369,5
2370,7
2371,13
2372,9
2373,1
2374,13
2375,14
2376,6
2377,3
2378,7
2379,6
2380,2
2381,12
2382,5
2383,19
2384,6
2385,19
2386,15
2387,7
2388,4
2389,15
2390,12
2391,4
2392,1
2393,10
2394,2
2395,8
2396,1
2397,3
2398,16
2399,5
2400,3
2401,7
2402,4
2403,12
2404,6
2405,3
2406,14
2407,18
2408,16
2409,12
2410,14
2411,12
2412,7
2413,4
2414,6
2415,9
2416,12
2417,5
2418,0
2419,8
2420,15
2421,0
2422,14
2423,6
2424,5
2425,5
2426,12
2427,12
2428,15
2429,8
2430,17
2431,12
2432,14
2433,8
2434,0
2435,3
2436,13
2437,18
2438,4
2439,12
2440,4
2441,18
2442,17
2443,9
2444,17
2445,1
2446,4
2447,1
2448,3
2449,6
2450,4
2451,12
2452,1
2453,19
2454,13
2455,19
2456,12
2457,9
2458,7
2459,12
2460,3
2461,7
2462,2
2463,3
2464,18
2465,3
2466,6
2467,13
2468,3
2469,0
2470,3
2471,3
2472,4
2473,11
2474,6
2475,12
2476,5
2477,13
2478,9
2479,9
2480,12
2481,12
2482,3
2483,0
2484,16
2485,2
2486,0
2487,14
2488,1
2489,1
2490,16
2491,8
2492,16
2493,7
2494,2
2495,14
2496,1
2497,9
2498,6
2499,11
2500,15
2501,1
2502,19
2503,10
2504,1
2505,6
2506,1
2507,16
2508,16
2509,16
2510,13
2511,9
2512,8
2513,1
2514,17
2515,12
2516,18
2517,14
2518,12
2519,8
2520,5
2521,15
2522,8
2523,9
2524,2
2525,1
2526,3
2527,12
2528,1
2529,3
2530,8
2531,4
2532,4
2533,5
2534,18
2535,3
2536,15
2537,13
2538,12
2539,15
2540,7
2541,7
2542,5
2543,3
2544,6
2545,17
2546,9
2547,12
2548,15
2549,12
2550,13
2551,12
2552,19
2553,1
2554,10
2555,0
2556,13
2557,5
2558,9
2559,1
2560,4
2561,6
2562,3
2563,4
2564,16
2565,16
2566,3
2567,9
2568,14
2569,16
2570,8
2571,13
2572,4
2573,9
2574,11
2575,12
2576,1
2577,8
2578,2
2579,13
2580,3
2581,1
2582,3
2583,2
2584,4
2585,4
2586,11
2587,11
2588,9
2589,15
2590,14
2591,17
2592,8
2593,5
2594,3
2595,6
2596,10
2597,0
2598,4
2599,6
2600,16
2601,7
2602,12
2603,7
2604,9
2605,4
2606,10
2607,19
2608,8
2609,1
2610,8
2611,2
2612,12
2613,10
2614,18
2615,7
2616,10
2617,18
2618,6
2619,3
2620,17
2621,0
2622,13
2623,14
2624,11
2625,3
2626,1
2627,3
2628,4
2629,9
2630,19
2631,4
2632,10
2633,10
2634,10
2635,0
2636,6
2637,11
2638,8
2639,17
2640,3
2641,3
2642,14
2643,10
2644,13
2645,15
2646,7
2647,18
2648,6
2649,14
2650,10
2651,4
2652,2
2653,7
2654,9
2655,4
2656,9
2657,0
2658,6
2659,3
2660,4
2661,1
2662,15
2663,3
2664,14
2665,11
2666,1
2667,14
2668,16
2669,8
2670,19
2671,16
2672,4
2673,2
2674,17
2675,9
2676,3
2677,1
2678,1
2679,12
2680,11
2681,2
2682,12
2683,7
2684,15
2685,1
2686,4
2687,17
2688,7
2689,6
2690,1
2691,16
2692,16
2693,4
2694,6
2695,16
2696,1
2697,11
2698,14
2699,6
2700,6
2701,9
2702,4
2703,1
2704,7
2705,12
2706,14
2707,5
2708,1
2709,15
2710,13
2711,2
2712,15
2713,16
2714,3
2715,14
2716,12
2717,9
2718,15
2719,15
2720,16
2721,0
2722,15
2723,13
2724,18
2725,13
2726,7
2727,11
2728,3
2729,4
2730,4
2731,15
2732,10
2733,5
2734,4
2735,11
2736,4
2737,12
2738,7
2739,2
2740,15
2741,12
2742,0
2743,3
2744,6
2745,10
2746,18
2747,1
2748,12
2749,12
2750,14
2751,15
2752,9
2753,10
2754,15
2755,3
2756,1
2757,16
2758,18
2759,3
2760,17
2761,13
2762,15
2763,17
2764,17
2765,1
2766,13
2767,0
2768,8
2769,15
2770,12
2771,10
2772,12
2773,16
2774,11
2775,3
2776,9
2777,3
2778,3
2779,7
2780,0
2781,10
2782,11
2783,6
2784,10
2785,13
2786,1
2787,12
2788,11
2789,11
2790,4
2791,7
2792,12
2793,3
2794,9
2795,7
2796,13
2797,14
2798,1
2799,12
2800,2
2801,16
2802,4
2803,9
2804,14
2805,3
2806,7
2807,15
2808,12
2809,17
2810,13
2811,0
2812,13
2813,4
2814,1
2815,10
2816,1
2817,3
2818,0
2819,16
2820,9
2821,3
2822,12
2823,13
2824,16
2825,13
2826,0
2827,3
2828,12
2829,16
2830,15
2831,12
2832,9
2833,1
2834,5
2835,12
2836,8
2837,8
2838,11
2839,12
2840,1
2841,3
2842,10
2843,15
2844,10
2845,12
2846,3
2847,8
2848,12
2849,3
2850,14
2851,12
2852,16
2853,7
2854,7
2855,12
2856,17
2857,19
2858,13
2859,10
2860,12
2861,10
2862,15
2863,1
2864,10
2865,9
2866,12
2867,4
2868,12
2869,1
2870,1
2871,2
2872,13
2873,19
2874,3
2875,16
2876,11
2877,14
2878,0
2879,7
2880,11
2881,8
2882,11
2883,5
2884,12
2885,8
2886,9
2887,6
2888,15
2889,7
2890,16
2891,18
2892,12
2893,7
2894,12
2895,5
2896,1
2897,12
2898,5
2899,1
2900,9
2901,19
2902,2
2903,18
2904,15
2905,13
2906,19
2907,11
2908,12
2909,9
2910,14
2911,9
2912,10
2913,13
2914,13
2915,14
2916,0
2917,14
2918,16
2919,5
2920,12
2921,10
2922,0
2923,14
2924,15
2925,10
2926,10
2927,11
2928,12
2929,19
2930,12
2931,12
2932,5
2933,1
2934,6
2935,5
2936,6
2937,17
2938,18
2939,3
2940,10
2941,8
2942,1
2943,16
2944,4
2945,15
2946,2
2947,14
2948,14
2949,3
2950,8
2951,18
2952,4
2953,12
2954,12
2955,7
2956,6
2957,5
2958,18
2959,9
2960,5
2961,12
2962,16
2963,10
2964,13
2965,14
2966,10
2967,3
2968,14
2969,17
2970,17
2971,12
2972,15
2973,17
2974,5
2975,9
2976,7
2977,12
2978,11
2979,2
2980,9
2981,9
2982,14
2983,12
2984,5
2985,4
2986,7
2987,12
2988,14
2989,2
2990,18
2991,3
2992,1
2993,12
2994,14
2995,2
2996,3
2997,12
2998,1
2999,7
3000,11
3001,2
3002,15
3003,10
3004,13
3005,6
3006,8
3007,6
3008,18
3009,16
3010,6
3011,5
3012,1
3013,2
3014,11
3015,2
3016,8
3017,3
3018,1
3019,10
3020,4
3021,12
3022,15
3023,6
3024,1
3025,16
3026,15
3027,4
3028,13
3029,4
3030,7
3031,12
3032,19
3033,18
3034,10
3035,4
3036,4
3037,11
3038,8
3039,1
3040,15
3041,3
3042,6
3043,9
3044,17
3045,11
3046,12
3047,17
3048,6
3049,12
3050,14
3051,18
3052,5
3053,12
3054,15
3055,19
3056,1
3057,2
3058,4
3059,10
3060,6
3061,12
3062,1
3063,6
3064,11
3065,3
3066,0
3067,16
3068,0
3069,19
3070,19
3071,8
3072,12
3073,16
3074,2
3075,3
3076,11
3077,1
3078,7
3079,7
3080,13
3081,6
3082,14
3083,10
3084,15
3085,3
3086,4
3087,12
3088,2
3089,11
3090,3
3091,13
3092,14
3093,0
3094,5
3095,3
3096,9
3097,18
3098,5
3099,16
3100,4
3101,17
3102,10
3103,3
3104,12
3105,0
3106,6
3107,3
3108,14
3109,5
3110,12
3111,14
3112,15
3113,17
3114,9
3115,8
3116,14
3117,10
3118,18
3119,11
3120,3
3121,12
3122,10
3123,2
3124,18
3125,12
3126,2
3127,6
3128,3
3129,18
3130,1
3131,16
3132,4
3133,2
3134,1
3135,2
3136,4
3137,11
3138,16
3139,18
3140,0
3141,10
3142,18
3143,7
3144,15
3145,4
3146,3
3147,12
3148,4
3149,15
3150,7
3151,12
3152,8
3153,5
3154,11
3155,12
3156,12
3157,11
3158,12
3159,17
3160,13
3161,11
3162,0
3163,19
3164,12
3165,17
3166,13
3167,5
3168,8
3169,4
3170,0
3171,19
3172,13
3173,12
3174,8
3175,17
3176,16
3177,17
3178,6
3179,19
3180,7
3181,14
3182,11
3183,12
3184,7
3185,2
3186,15
3187,12
3188,15
3189,8
3190,0
3191,5
3192,10
3193,0
3194,16
3195,18
3196,3
3197,1
3198,18
3199,5
3200,3
3201,12
3202,0
3203,17
3204,7
3205,6
3206,5
3207,3
3208,13
3209,3
3210,3
3211,12
3212,18
3213,2
3214,3
3215,17
3216,10
3217,6
3218,18
3219,4
3220,1
3221,1
3222,8
3223,6
3224,12
3225,8
3226,6
3227,3
3228,18
3229,17
3230,3
3231,12
3232,1
3233,8
3234,8
3235,0
3236,1
3237,7
3238,1
3239,14
3240,14
3241,15
3242,2
3243,7
3244,2
3245,7
3246,7
3247,13
3248,12
3249,1
3250,19
3251,3
3252,3
3253,8
3254,17
3255,18
3256,4
3257,12
3258,3
3259,18
3260,12
3261,12
3262,0
3263,4
3264,7
3265,3
3266,19
3267,13
3268,9
3269,12
3270,7
3271,3
3272,7
3273,14
3274,7
3275,7
3276,10
3277,0
3278,18
3279,3
3280,16
3281,8
3282,12
3283,15
3284,5
3285,11
3286,3
3287,12
3288,12
3289,14
3290,12
3291,2
3292,11
3293,16
3294,19
3295,2
3296,14
3297,0
3298,9
3299,6
3300,0
3301,16
3302,6
3303,2
3304,8
3305,12
3306,0
3307,2
3308,2
3309,11
3310,3
3311,11
3312,12
3313,16
3314,5
3315,2
3316,9
3317,8
3318,12
3319,2
3320,4
3321,12
3322,12
3323,7
3324,9
3325,4
3326,1
3327,16
3328,10
3329,6
3330,7
3331,12
3332,0
3333,16
3334,10
3335,14
3336,1
3337,9
3338,6
3339,12
3340,11
3341,1
3342,15
3343,1
3344,1
3345,10
3346,5
3347,15
3348,1
3349,5
3350,9
3351,8
3352,6
3353,4
3354,0
3355,16
3356,2
3357,7
3358,18
3359,12
3360,12
3361,19
3362,2
3363,12
3364,9
3365,2
3366,1
3367,0
3368,9
3369,12
3370,6
3371,6
3372,11
3373,10
3374,13
3375,4
3376,1
3377,6
3378,3
3379,5
3380,8
3381,2
3382,18
3383,0
3384,10
3385,14
3386,3
3387,9
3388,1
3389,3
3390,12
3391,0
3392,0
3393,3
3394,11
3395,4
3396,4
3397,7
3398,4
3399,2
3400,19
3401,15
3402,8
3403,3
3404,17
3405,6
3406,16
3407,15
3408,0
3409,2
3410,15
3411,9
3412,12
3413,9
3414,15
3415,5
3416,12
3417,1
3418,12
3419,3
3420,11
3421,8
3422,15
3423,7
3424,10
3425,14
3426,3
3427,2
3428,8
3429,3
3430,2
3431,17
3432,2
3433,12
3434,7
3435,2
3436,1
3437,14
3438,12
3439,3
3440,12
3441,0
3442,3
3443,1
3444,2
3445,0
3446,6
3447,19
3448,16
3449,3
3450,16
3451,15
3452,10
3453,1
3454,3
3455,19
3456,2
3457,11
3458,11
3459,17
3460,9
3461,16
3462,12
3463,1
3464,17
3465,7
3466,7
3467,4
3468,0
3469,3
3470,12
3471,15
3472,15
3473,16
3474,3
3475,15
3476,14
3477,1
3478,19
3479,2
3480,15
3481,2
3482,8
3483,11
3484,6
3485,1
3486,7
3487,6
3488,10
3489,3
3490,1
3491,7
3492,3
3493,18
3494,3
3495,1
3496,4
3497,8
3498,15
3499,5
3500,8
3501,7
3502,17
3503,1
3504,17
3505,12
3506,7
3507,15
3508,4
3509,3
3510,4
3511,12
3512,5
3513,6
3514,5
3515,13
3516,0
3517,13
3518,15
3519,16
3520,7
3521,5
3522,10
3523,15
3524,2
3525,11
3526,12
3527,13
3528,8
3529,5
3530,10
3531,1
3532,7
3533,13
3534,6
3535,12
3536,9
3537,1
3538,18
3539,12
3540,8
3541,6
3542,4
3543,12
3544,15
3545,0
3546,0
3547,9
3548,3
3549,14
3550,10
3551,6
3552,5
3553,7
3554,12
3555,11
3556,2
3557,13
3558,16
3559,6
3560,19
3561,3
3562,2
3563,15
3564,16
3565,3
3566,5
3567,4
3568,3
3569,17
3570,15
3571,1
3572,12
3573,18
3574,12
3575,1
3576,12
3577,15
3578,11
3579,16
3580,14
3581,1
3582,7
3583,13
3584,17
3585,8
3586,16
3587,4
3588,5
3589,14
3590,8
3591,19
3592,15
3593,2
3594,1
3595,11
3596,15
3597,12
3598,10
3599,4
3600,14
3601,16
3602,11
3603,13
3604,19
3605,13
3606,15
3607,10
3608,14
3609,10
3610,2
3611,17
3612,16
3613,16
3614,15
3615,8
3616,8
3617,17
3618,5
3619,7
3620,12
3621,13
3622,4
3623,3
3624,12
3625,12
3626,18
3627,2
3628,17
3629,2
3630,6
3631,12
3632,4
3633,7
3634,13
3635,10
3636,19
3637,11
3638,2
3639,8
3640,6
3641,17
3642,16
3643,7
3644,15
3645,4
3646,17
3647,7
3648,19
3649,15
3650,4
3651,1
3652,10
3653,1
3654,12
3655,6
3656,12
3657,2
3658,3
3659,3
3660,16
3661,4
3662,16
3663,5
3664,7
3665,12
3666,3
3667,5
3668,6
3669,15
3670,14
3671,6
3672,15
3673,0
3674,1
3675,12
3676,9
3677,1
3678,5
3679,17
3680,5
3681,14
3682,12
3683,18
3684,15
3685,5
3686,4
3687,16
3688,12
3689,15
3690,6
3691,5
3692,5
3693,3
3694,5
3695,1
3696,15
3697,7
3698,3
3699,5
3700,12
3701,4
3702,18
3703,7
3704,15
3705,12
3706,11
3707,16
3708,12
3709,2
3710,6
3711,14
3712,3
3713,9
3714,14
3715,8
3716,0
3717,1
3718,2
3719,12
3720,12
3721,1
3722,4
3723,15
3724,14
3725,16
3726,7
3727,14
3728,3
3729,11
3730,10
3731,15
3732,14
3733,15
3734,2
3735,12
3736,8
3737,2
3738,4
3739,7
3740,7
3741,2
3742,7
3743,10
3744,11
3745,7
3746,9
3747,6
3748,15
3749,0
3750,8
3751,19
3752,3
3753,6
3754,16
3755,19
3756,10
3757,7
3758,14
3759,15
3760,2
3761,15
3762,10
3763,3
3764,8
3765,10
3766,0
3767,1
3768,15
3769,3
3770,10
3771,6
3772,9
3773,15
3774,8
3775,0
3776,1
3777,15
3778,12
3779,1
3780,14
3781,16
3782,5
3783,0
3784,3
3785,3
3786,10
3787,1
3788,19
3789,8
3790,16
3791,7
3792,16
3793,2
3794,3
3795,13
3796,2
3797,2
3798,16
3799,0
3800,9
3801,2
3802,3
3803,2
3804,15
3805,7
3806,11
3807,12
3808,3
3809,14
3810,17
3811,2
3812,15
3813,1
3814,8
3815,3
3816,7
3817,14
3818,6
3819,2
3820,3
3821,5
3822,15
3823,13
3824,18
3825,17
3826,18
3827,8
3828,15
3829,10
3830,17
3831,16
3832,16
3833,16
3834,16
3835,12
3836,10
3837,17
3838,14
3839,12
3840,10
3841,11
3842,2
3843,6
3844,5
3845,4
3846,12
3847,3
3848,9
3849,4
3850,12
3851,12
3852,17
3853,4
3854,2
3855,7
3856,15
3857,1
3858,10
3859,11
3860,1
3861,7
3862,6
3863,4
3864,16
3865,11
3866,2
3867,10
3868,11
3869,17
3870,15
3871,3
3872,16
3873,11
3874,8
3875,2
3876,16
3877,7
3878,13
3879,1
3880,10
3881,2
3882,13
3883,14
3884,18
3885,9
3886,10
3887,6
3888,4
3889,12
3890,1
3891,13
3892,5
3893,16
3894,6
3895,1
3896,3
3897,12
3898,11
3899,13
3900,15
3901,2
3902,6
3903,11
3904,7
3905,12
3906,15
3907,11
3908,18
3909,3
3910,7
3911,15
3912,4
3913,11
3914,8
3915,12
3916,15
3917,15
3918,4
3919,5
3920,11
3921,8
3922,5
3923,15
3924,15
3925,6
3926,6
3927,15
3928,7
3929,6
3930,2
3931,6
3932,17
3933,7
3934,13
3935,6
3936,3
3937,7
3938,15
3939,11
3940,9
3941,2
3942,15
3943,4
3944,0
3945,4
3946,19
3947,18
3948,18
3949,16
3950,16
3951,13
3952,13
3953,7
3954,15
3955,2
3956,4
3957,8
3958,2
3959,12
3960,0
3961,17
3962,5
3963,9
3964,2
3965,17
3966,6
3967,3
3968,4
3969,7
3970,7
3971,2
3972,12
3973,15
3974,5
3975,11
3976,12
3977,4
3978,16
3979,12
3980,7
3981,1
3982,10
3983,5
3984,13
3985,3
3986,19
3987,6
3988,16
3989,12
3990,2
3991,12
3992,19
3993,7
3994,5
3995,18
3996,4
3997,4
3998,3
3999,12
4000,14
4001,7
4002,1
4003,14
4004,3
4005,3
4006,3
4007,18
4008,1
4009,19
4010,13
4011,7
4012,14
4013,4
4014,6
4015,0
4016,1
4017,2
4018,2
4019,5
4020,4
4021,12
4022,17
4023,16
4024,4
4025,19
4026,12
4027,19
4028,11
4029,14
4030,11
4031,12
4032,11
4033,2
4034,7
4035,19
4036,17
4037,1
4038,6
4039,3
4040,15
4041,4
4042,16
4043,12
4044,15
4045,3
4046,12
4047,13
4048,19
4049,7
4050,19
4051,11
4052,5
4053,15
4054,19
4055,2
4056,1
4057,3
4058,15
4059,16
4060,15
4061,6
4062,12
4063,3
4064,15
4065,7
4066,1
4067,12
4068,6
4069,15
4070,15
4071,3
4072,17
4073,17
4074,15
4075,10
4076,10
4077,16
4078,12
4079,12
4080,10
4081,3
4082,12
4083,6
4084,11
4085,3
4086,3
4087,4
4088,5
4089,0
4090,12
4091,16
4092,15
4093,11
4094,7
4095,9
4096,17
4097,8
4098,14
4099,15
4100,3
4101,16
4102,12
4103,15
4104,6
4105,1
4106,12
4107,10
4108,11
4109,0
4110,12
4111,0
4112,8
4113,6
4114,11
4115,9
4116,13
4117,12
4118,6
4119,17
4120,10
4121,3
4122,17
4123,10
4124,3
4125,1
4126,7
4127,5
4128,18
4129,15
4130,2
4131,1
4132,0
4133,8
4134,9
4135,4
4136,5
4137,10
4138,8
4139,10
4140,1
4141,16
4142,12
4143,16
4144,6
4145,17
4146,19
4147,6
4148,17
4149,14
4150,12
4151,13
4152,4
4153,8
4154,9
4155,8
4156,11
4157,7
4158,13
4159,5
4160,1
4161,8
4162,12
4163,16
4164,10
4165,12
4166,3
4167,4
4168,4
4169,2
4170,8
4171,9
4172,16
4173,16
4174,11
4175,19
4176,5
4177,8
4178,18
4179,8
4180,13
4181,3
4182,1
4183,6
4184,3
4185,2
4186,6
4187,11
4188,7
4189,2
4190,14
4191,3
4192,12
4193,11
4194,12
4195,10
4196,4
4197,14
4198,2
4199,9
4200,0
4201,10
4202,3
4203,8
4204,4
4205,15
4206,3
4207,13
4208,12
4209,7
4210,17
4211,3
4212,17
4213,3
4214,4
4215,7
4216,13
4217,6
4218,4
4219,3
4220,9
4221,4
4222,13
4223,10
4224,13
4225,7
4226,4
4227,13
4228,6
4229,12
4230,13
4231,12
4232,11
4233,1
4234,12
4235,17
4236,3
4237,16
4238,11
4239,14
4240,13
4241,18
4242,6
4243,0
4244,15
4245,12
4246,14
4247,12
4248,17
4249,15
4250,3
4251,1
4252,15
4253,2
4254,18
4255,12
4256,19
4257,2
4258,12
4259,6
4260,1
4261,4
4262,12
4263,1
4264,1
4265,14
4266,18
4267,12
4268,1
4269,14
4270,11
4271,10
4272,4
4273,18
4274,6
4275,8
4276,3
4277,0
4278,5
4279,5
4280,1
4281,15
4282,12
4283,12
4284,6
4285,4
4286,12
4287,2
4288,2
4289,15
4290,13
4291,1
4292,6
4293,12
4294,7
4295,9
4296,1
4297,12
4298,13
4299,12
4300,5
4301,12
4302,12
4303,2
4304,10
4305,5
4306,11
4307,16
4308,15
4309,6
4310,16
4311,1
4312,13
4313,15
4314,1
4315,13
4316,2
4317,15
4318,8
4319,12
4320,5
4321,1
4322,3
4323,2
4324,12
4325,14
4326,16
4327,6
4328,16
4329,6
4330,1
4331,12
4332,12
4333,17
4334,3
4335,19
4336,1
4337,4
4338,4
4339,9
4340,3
4341,3
4342,18
4343,15
4344,3
4345,16
4346,10
4347,10
4348,12
4349,15
4350,10
4351,8
4352,9
4353,4
4354,11
4355,12
4356,6
4357,17
4358,14
4359,7
4360,3
4361,1
4362,1
4363,16
4364,2
4365,17
4366,10
4367,1
4368,19
4369,4
4370,1
4371,3
4372,5
4373,6
4374,1
4375,13
4376,17
4377,11
4378,3
4379,6
4380,2
4381,6
4382,10
4383,11
4384,17
4385,16
4386,15
4387,10
4388,8
4389,11
4390,7
4391,1
4392,11
4393,16
4394,1
4395,3
4396,5
4397,13
4398,17
4399,18
4400,12
4401,4
4402,15
4403,7
4404,6
4405,0
4406,2
4407,13
4408,2
4409,16
4410,7
4411,3
4412,15
4413,3
4414,9
4415,17
4416,1
4417,15
4418,1
4419,8
4420,3
4421,15
4422,13
4423,8
4424,3
4425,7
4426,18
4427,15
4428,1
4429,5
4430,1
4431,18
4432,18
4433,15
4434,15
4435,13
4436,17
4437,4
4438,3
4439,17
4440,17
4441,14
4442,19
4443,2
4444,3
4445,10
4446,16
4447,2
4448,14
4449,11
4450,1
4451,14
4452,3
4453,15
4454,16
4455,7
4456,6
4457,19
4458,8
4459,4
4460,12
4461,5
4462,14
4463,15
4464,6
4465,6
4466,10
4467,12
4468,12
4469,1
4470,18
4471,2
4472,7
4473,6
4474,1
4475,16
4476,12
4477,12
4478,1
4479,5
4480,9
4481,5
4482,15
4483,3
4484,12
4485,3
4486,13
4487,4
4488,12
4489,6
4490,0
4491,10
4492,17
4493,4
4494,12
4495,1
4496,15
4497,2
4498,4
4499,12
4500,8
4501,5
4502,1
4503,13
4504,6
4505,2
4506,19
4507,6
4508,7
4509,6
4510,3
4511,3
4512,3
4513,7
4514,1
4515,14
4516,17
4517,19
4518,2
4519,9
4520,0
4521,3
4522,12
4523,4
4524,13
4525,10
4526,11
4527,8
4528,13
4529,9
4530,3
4531,15
4532,4
4533,2
4534,0
4535,19
4536,12
4537,11
4538,0
4539,16
4540,5
4541,5
4542,3
4543,12
4544,1
4545,6
4546,4
4547,12
4548,3
4549,16
4550,8
4551,4
4552,7
4553,5
4554,7
4555,14
4556,3
4557,12
4558,3
4559,1
4560,8
4561,13
4562,12
4563,4
4564,6
4565,5
4566,5
4567,12
4568,9
4569,12
4570,10
4571,1
4572,15
4573,8
4574,3
4575,12
4576,4
4577,0
4578,6
4579,3
4580,12
4581,15
4582,4
4583,8
4584,4
4585,13
4586,19
4587,11
4588,19
4589,17
4590,12
4591,2
4592,6
4593,4
4594,4
4595,6
4596,6
4597,5
4598,13
4599,18
4600,16
4601,0
4602,3
4603,16
4604,4
4605,0
4606,2
4607,10
4608,10
4609,4
4610,8
4611,1
4612,6
4613,3
4614,14
4615,18
4616,2
4617,14
4618,6
4619,15
4620,1
4621,12
4622,12
4623,1
4624,14
4625,19
4626,14
4627,9
4628,2
4629,10
4630,12
4631,19
4632,9
4633,13
4634,9
4635,19
4636,11
4637,3
4638,3
4639,12
4640,1
4641,6
4642,4
4643,4
4644,12
4645,10
4646,16
4647,3
4648,2
4649,4
4650,14
4651,12
4652,0
4653,8
4654,1
4655,3
4656,19
4657,1
4658,3
4659,11
4660,12
4661,13
4662,6
4663,14
4664,12
4665,1
4666,1
4667,6
4668,3
4669,16
4670,6
4671,12
4672,3
4673,11
4674,18
4675,16
4676,10
4677,10
4678,3
4679,3
4680,0
4681,0
4682,6
4683,6
4684,3
4685,12
4686,13
4687,7
4688,8
4689,15
4690,16
4691,9
4692,1
4693,6
4694,18
4695,8
4696,14
4697,16
4698,10
4699,7
4700,1
4701,1
4702,9
4703,14
4704,3
4705,1
4706,6
4707,7
4708,2
4709,8
4710,12
4711,3
4712,16
4713,1
4714,8
4715,7
4716,12
4717,10
4718,16
4719,3
4720,11
4721,14
4722,3
4723,7
4724,19
4725,13
4726,12
4727,12
4728,17
4729,12
4730,14
4731,17
4732,4
4733,3
4734,13
4735,5
4736,6
4737,3
4738,3
4739,8
4740,8
4741,8
4742,16
4743,3
4744,8
4745,3
4746,2
4747,2
4748,10
4749,13
4750,11
4751,3
4752,3
4753,14
4754,7
4755,10
4756,12
4757,15
4758,12
4759,4
4760,12
4761,1
4762,15
4763,16
4764,10
4765,8
4766,17
4767,2
4768,16
4769,6
4770,10
4771,5
4772,16
4773,4
4774,15
4775,8
4776,19
4777,2
4778,2
4779,6
4780,14
4781,12
4782,12
4783,0
4784,0
4785,6
4786,10
4787,13
4788,15
4789,19
4790,18
4791,14
4792,8
4793,9
4794,5
4795,13
4796,11
4797,3
4798,4
4799,5
4800,0
4801,15
4802,18
4803,15
4804,2
4805,1
4806,5
4807,13
4808,1
4809,12
4810,12
4811,12
4812,14
4813,8
4814,19
4815,0
4816,18
4817,12
4818,0
4819,19
4820,3
4821,2
4822,15
4823,12
4824,5
4825,12
4826,2
4827,6
4828,7
4829,7
4830,13
4831,18
4832,12
4833,8
4834,10
4835,12
4836,13
4837,12
4838,9
4839,8
4840,12
4841,9
4842,3
4843,15
4844,8
4845,7
4846,8
4847,12
4848,12
4849,0
4850,14
4851,18
4852,12
4853,0
4854,11
4855,3
4856,18
4857,3
4858,3
4859,19
4860,14
4861,8
4862,1
4863,2
4864,14
4865,0
4866,12
4867,15
4868,17
4869,11
4870,1
4871,1
4872,12
4873,13
4874,12
4875,19
4876,12
4877,7
4878,8
4879,11
4880,9
4881,17
4882,8
4883,18
4884,15
4885,2
4886,6
4887,2
4888,16
4889,7
4890,18
4891,6
4892,11
4893,1
4894,12
4895,13
4896,15
4897,2
4898,11
4899,13
4900,5
4901,7
4902,3
4903,7
4904,15
4905,8
4906,18
4907,14
4908,0
4909,13
4910,18
4911,9
4912,4
4913,4
4914,17
4915,3
4916,12
4917,6
4918,13
4919,7
4920,9
4921,1
4922,10
4923,17
4924,2
4925,14
4926,5
4927,3
4928,16
4929,19
4930,8
4931,17
4932,18
4933,12
4934,7
4935,3
4936,9
4937,3
4938,10
4939,12
4940,7
4941,13
4942,15
4943,5
4944,5
4945,1
4946,16
4947,16
4948,4
4949,13
4950,16
4951,13
4952,2
4953,11
4954,3
4955,18
4956,12
4957,3
4958,9
4959,1
4960,9
4961,16
4962,5
4963,0
4964,2
4965,14
4966,10
4967,11
4968,9
4969,6
4970,13
4971,3
4972,15
4973,13
4974,13
4975,6
4976,19
4977,18
4978,14
4979,3
4980,4
4981,15
4982,11
4983,2
4984,8
4985,19
4986,15
4987,14
4988,8
4989,0
4990,3
4991,15
4992,14
4993,17
4994,19
4995,4
4996,17
4997,19
4998,12
4999,17
5000,3
5001,18
5002,19
5003,9
5004,14
5005,3
5006,12
5007,19
5008,8
5009,16
5010,14
5011,8
5012,12
5013,15
5014,2
5015,15
5016,18
5017,17
5018,2
5019,1
5020,12
5021,10
5022,16
5023,13
5024,2
5025,5
5026,12
5027,0
5028,12
5029,5
5030,0
5031,3
5032,18
5033,4
5034,18
5035,3
5036,2
5037,6
5038,17
5039,15
5040,16
5041,10
5042,15
5043,3
5044,12
5045,1
5046,12
5047,6
5048,4
5049,3
5050,18
5051,6
5052,13
5053,14
5054,1
5055,2
5056,11
5057,6
5058,17
5059,16
5060,1
5061,9
5062,9
5063,13
5064,1
5065,11
5066,15
5067,0
5068,13
5069,14
5070,6
5071,16
5072,8
5073,6
5074,13
5075,3
5076,2
5077,11
5078,13
5079,7
5080,12
5081,9
5082,8
5083,12
5084,2
5085,4
5086,1
5087,17
5088,9
5089,4
5090,15
5091,7
5092,5
5093,12
5094,8
5095,10
5096,13
5097,13
5098,5
5099,12
5100,7
5101,1
5102,15
5103,4
5104,9
5105,16
5106,18
5107,4
5108,19
5109,4
5110,10
5111,0
5112,12
5113,12
5114,1
5115,15
5116,18
5117,2
5118,5
5119,8
5120,1
5121,19
5122,5
5123,13
5124,3
5125,13
5126,3
5127,8
5128,18
5129,18
5130,10
5131,7
5132,17
5133,15
5134,5
5135,14
5136,11
5137,3
5138,3
5139,3
5140,16
5141,5
5142,17
5143,1
5144,10
5145,12
5146,12
5147,12
5148,11
5149,3
5150,4
5151,13
5152,3
5153,0
5154,7
5155,12
5156,4
5157,17
5158,15
5159,1
5160,7
5161,18
5162,16
5163,3
5164,16
5165,14
5166,17
5167,10
5168,15
5169,14
5170,2
5171,8
5172,3
5173,16
5174,6
5175,10
5176,10
5177,1
5178,3
5179,15
5180,3
5181,11
5182,17
5183,0
5184,10
5185,8
5186,12
5187,7
5188,1
5189,5
5190,2
5191,12
5192,11
5193,18
5194,8
5195,12
5196,5
5197,7
5198,12
5199,11
5200,4
5201,3
5202,8
5203,11
5204,2
5205,16
5206,12
5207,3
5208,2
5209,17
5210,19
5211,1
5212,2
5213,7
5214,1
5215,12
5216,1
5217,15
5218,6
5219,10
5220,7
5221,13
5222,15
5223,15
5224,5
5225,12
5226,11
5227,4
5228,0
5229,14
5230,11
5231,12
5232,2
5233,10
5234,13
5235,12
5236,4
5237,4
5238,14
5239,19
5240,3
5241,14
5242,17
5243,15
5244,3
5245,2
5246,12
5247,10
5248,18
5249,6
5250,9
5251,3
5252,15
5253,13
5254,9
5255,3
5256,15
5257,3
5258,14
5259,5
5260,8
5261,18
5262,8
5263,15
5264,16
5265,6
5266,1
5267,12
5268,10
5269,8
5270,6
5271,1
5272,15
5273,8
5274,1
5275,12
5276,14
5277,8
5278,6
5279,5
5280,9
5281,12
5282,1
5283,16
5284,15
5285,3
5286,14
5287,1
5288,17
5289,8
5290,3
5291,8
5292,8
5293,5
5294,10
5295,14
5296,14
5297,9
5298,6
5299,15
5300,0
5301,5
5302,11
5303,5
5304,14
5305,13
5306,13
5307,12
5308,8
5309,10
5310,5
5311,13
5312,9
5313,1
5314,9
5315,1
5316,12
5317,10
5318,3
5319,16
5320,12
5321,13
5322,17
5323,12
5324,14
5325,10
5326,15
5327,2
5328,12
5329,0
5330,13
5331,6
5332,3
5333,16
5334,14
5335,10
5336,2
5337,6
5338,17
5339,2
5340,11
5341,8
5342,1
5343,0
5344,7
5345,6
5346,12
5347,18
5348,19
5349,6
5350,1
5351,18
5352,6
5353,12
5354,15
5355,8
5356,5
5357,3
5358,11
5359,0
5360,12
5361,17
5362,5
5363,12
5364,17
5365,12
5366,12
5367,0
5368,11
5369,3
5370,10
5371,12
5372,5
5373,1
5374,7
5375,3
5376,7
5377,17
5378,1
5379,6
5380,4
5381,19
5382,6
5383,2
5384,5
5385,18
5386,12
5387,15
5388,12
5389,16
5390,16
5391,2
5392,11
5393,15
5394,6
5395,0
5396,19
5397,0
5398,8
5399,0
5400,12
5401,8
5402,3
5403,1
5404,4
5405,10
5406,18
5407,14
5408,2
5409,10
5410,15
5411,19
5412,19
5413,9
5414,12
5415,4
5416,2
5417,6
5418,1
5419,13
5420,10
5421,3
5422,2
5423,5
5424,2
5425,4
5426,14
5427,19
5428,16
5429,18
5430,3
5431,11
5432,12
5433,6
5434,3
5435,5
5436,2
5437,12
5438,16
5439,6
5440,5
5441,10
5442,2
5443,16
5444,5
5445,1
5446,15
5447,12
5448,2
5449,3
5450,16
5451,13
5452,17
5453,11
5454,4
5455,7
5456,12
5457,12
5458,3
5459,3
5460,17
5461,1
5462,2
5463,12
5464,9
5465,17
5466,16
5467,12
5468,15
5469,14
5470,3
5471,12
5472,5
5473,12
5474,17
5475,8
5476,6
5477,11
5478,3
5479,12
5480,12
5481,1
5482,15
5483,12
5484,18
5485,16
5486,3
5487,6
5488,12
5489,4
5490,2
5491,12
5492,7
5493,3
5494,8
5495,12
5496,0
5497,3
5498,3
5499,11
5500,11
5501,2
5502,8
5503,0
5504,2
5505,14
5506,3
5507,15
5508,11
5509,4
5510,15
5511,11
5512,12
5513,4
5514,16
5515,6
5516,12
5517,8
5518,1
5519,2
5520,3
5521,17
5522,15
5523,1
5524,10
5525,12
5526,12
5527,18
5528,5
5529,5
5530,18
5531,2
5532,3
5533,19
5534,11
5535,3
5536,2
5537,12
5538,7
5539,13
5540,5
5541,3
5542,6
5543,13
5544,3
5545,16
5546,7
5547,16
5548,12
5549,3
5550,2
5551,12
5552,4
5553,3
5554,15
5555,10
5556,10
5557,9
5558,15
5559,3
5560,14
5561,7
5562,4
5563,10
5564,3
5565,16
5566,7
5567,4
5568,12
5569,4
5570,4
5571,6
5572,16
5573,9
5574,15
5575,14
5576,9
5577,11
5578,15
5579,2
5580,8
5581,8
5582,4
5583,12
5584,0
5585,7
5586,15
5587,1
5588,1
5589,12
5590,8
5591,7
5592,12
5593,19
5594,10
5595,6
5596,5
5597,15
5598,0
5599,3
5600,12
5601,1
5602,3
5603,15
5604,3
5605,12
5606,18
5607,14
5608,13
5609,4
5610,2
5611,12
5612,11
5613,2
5614,3
5615,15
5616,5
5617,11
5618,11
5619,6
5620,1
5621,7
5622,5
5623,3
5624,18
5625,4
5626,8
5627,9
5628,3
5629,12
5630,9
5631,6
5632,12
5633,8
5634,16
5635,16
5636,8
5637,4
5638,2
5639,19
5640,16
5641,12
5642,18
5643,15
5644,7
5645,16
5646,9
5647,11
5648,12
5649,12
5650,2
5651,8
5652,12
5653,12
5654,18
5655,16
5656,2
5657,17
5658,17
5659,6
5660,6
5661,13
5662,17
5663,18
5664,13
5665,18
5666,2
5667,16
5668,9
5669,2
5670,18
5671,19
5672,2
5673,2
5674,14
5675,7
5676,17
5677,14
5678,6
5679,15
5680,15
5681,11
5682,10
5683,3
5684,16
5685,15
5686,9
5687,2
5688,14
5689,1
5690,10
5691,10
5692,6
5693,12
5694,5
5695,9
5696,12
5697,4
5698,15
5699,1
5700,2
5701,15
5702,8
5703,7
5704,12
5705,9
5706,1
5707,12
5708,7
5709,18
5710,5
5711,15
5712,17
5713,12
5714,14
5715,12
5716,15
5717,7
5718,8
5719,10
5720,8
5721,12
5722,18
5723,10
5724,1
5725,2
5726,8
5727,4
5728,10
5729,13
5730,17
5731,17
5732,14
5733,4
5734,4
5735,16
5736,4
5737,9
5738,15
5739,3
5740,3
5741,2
5742,7
5743,6
5744,16
5745,15
5746,9
5747,6
5748,6
5749,13
5750,1
5751,7
5752,12
5753,10
5754,13
5755,6
5756,14
5757,4
5758,5
5759,1
5760,4
5761,12
5762,7
5763,3
5764,15
5765,15
5766,8
5767,17
5768,3
5769,15
5770,10
5771,2
5772,1
5773,15
5774,11
5775,10
5776,4
5777,9
5778,7
5779,12
5780,3
5781,12
5782,9
5783,2
5784,13
5785,2
5786,0
5787,3
5788,17
5789,9
5790,12
5791,4
5792,1
5793,13
5794,4
5795,14
5796,3
5797,5
5798,1
5799,1
5800,4
5801,16
5802,7
5803,2
5804,4
5805,16
5806,15
5807,12
5808,11
5809,18
5810,9
5811,12
5812,12
5813,17
5814,9
5815,10
5816,5
5817,14
5818,1
5819,2
5820,1
5821,3
5822,6
5823,14
5824,13
5825,19
5826,17
5827,5
5828,6
5829,10
5830,0
5831,19
5832,15
5833,4
5834,15
5835,2
5836,8
5837,6
5838,3
5839,3
5840,2
5841,6
5842,9
5843,9
5844,6
5845,5
5846,3
5847,9
5848,9
5849,3
5850,7
5851,0
5852,10
5853,18
5854,6
5855,3
5856,12
5857,3
5858,19
5859,1
5860,7
5861,4
5862,12
5863,8
5864,5
5865,15
5866,9
5867,4
5868,3
5869,3
5870,14
5871,7
5872,1
5873,8
5874,11
5875,6
5876,14
5877,8
5878,17
5879,6
5880,16
5881,0
5882,12
5883,13
5884,7
5885,7
5886,13
5887,10
5888,3
5889,15
5890,5
5891,8
5892,5
5893,16
5894,0
5895,1
5896,6
5897,3
5898,2
5899,9
5900,12
5901,18
5902,16
5903,2
5904,11
5905,18
5906,10
5907,2
5908,15
5909,1
5910,15
5911,0
5912,0
5913,4
5914,16
5915,6
5916,0
5917,13
5918,14
5919,9
5920,5
5921,1
5922,15
5923,11
5924,4
5925,9
5926,12
5927,3
5928,9
5929,15
5930,3
5931,13
5932,15
5933,2
5934,3
5935,13
5936,5
5937,6
5938,12
5939,19
5940,1
5941,5
5942,3
5943,10
5944,0
5945,7
5946,6
5947,2
5948,14
5949,8
5950,7
5951,4
5952,3
5953,2
5954,17
5955,4
5956,18
5957,13
5958,7
5959,15
5960,6
5961,0
5962,14
5963,15
5964,4
5965,2
5966,3
5967,7
5968,6
5969,4
5970,14
5971,14
5972,16
5973,18
5974,10
5975,1
5976,8
5977,11
5978,17
5979,9
5980,5
5981,3
5982,11
5983,18
5984,6
5985,9
5986,12
5987,18
5988,3
5989,11
5990,13
5991,6
5992,13
5993,0
5994,6
5995,7
5996,0
5997,11
5998,18
5999,5
6000,2
6001,7
6002,12
6003,11
6004,19
6005,8
6006,18
6007,4
6008,10
6009,1
6010,16
6011,3
6012,2
6013,12
6014,11
6015,3
6016,7
6017,3
6018,7
6019,3
6020,6
6021,4
6022,15
6023,3
6024,17
6025,19
6026,18
6027,5
6028,9
6029,2
6030,12
6031,16
6032,16
6033,19
6034,16
6035,18
6036,11
6037,12
6038,15
6039,6
6040,11
6041,3
6042,13
6043,18
6044,2
6045,10
6046,2
6047,19
6048,2
6049,14
6050,17
6051,11
6052,8
6053,6
6054,12
6055,16
6056,0
6057,15
6058,13
6059,8
6060,16
6061,6
6062,9
6063,12
6064,14
6065,12
6066,13
6067,15
6068,8
6069,4
6070,13
6071,17
6072,12
6073,3
6074,3
6075,0
6076,8
6077,0
6078,6
6079,0
6080,11
6081,9
6082,7
6083,3
6084,6
6085,4
6086,16
6087,19
6088,16
6089,1
6090,18
6091,6
6092,9
6093,13
6094,2
6095,16
6096,7
6097,5
6098,6
6099,1
6100,12
6101,17
6102,6
6103,3
6104,14
6105,3
6106,6
6107,3
6108,5
6109,10
6110,18
6111,0
6112,0
6113,15
6114,2
6115,8
6116,18
6117,15
6118,4
6119,4
6120,15
6121,14
6122,6
6123,0
6124,2
6125,7
6126,13
6127,8
6128,7
6129,3
6130,19
6131,12
6132,1
6133,2
6134,2
6135,12
6136,2
6137,1
6138,17
6139,6
6140,12
6141,10
6142,8
6143,3
6144,18
6145,15
6146,19
6147,15
6148,9
6149,0
6150,13
6151,11
6152,6
6153,4
6154,5
6155,15
6156,3
6157,1
6158,8
6159,11
6160,6
6161,19
6162,15
6163,1
6164,19
6165,12
6166,14
6167,4
6168,5
6169,5
6170,6
6171,14
6172,7
6173,4
6174,9
6175,19
6176,1
6177,0
6178,1
6179,8
6180,3
6181,4
6182,8
6183,4
6184,5
6185,7
6186,9
6187,10
6188,8
6189,6
6190,14
6191,8
6192,14
6193,16
6194,2
6195,15
6196,18
6197,7
6198,11
6199,17
6200,4
6201,3
6202,16
6203,13
6204,9
6205,6
6206,12
6207,7
6208,3
6209,5
6210,15
6211,1
6212,2
6213,11
6214,3
6215,4
6216,17
6217,11
6218,0
6219,6
6220,6
6221,6
6222,5
6223,11
6224,4
6225,5
6226,19
6227,5
6228,15
6229,17
6230,11
6231,5
6232,4
6233,12
6234,3
6235,12
6236,9
6237,10
6238,5
6239,9
6240,4
6241,1
6242,10
6243,9
6244,14
6245,4
6246,15
6247,0
6248,7
6249,6
6250,12
6251,4
6252,17
6253,7
6254,16
6255,3
6256,4
6257,16
6258,18
6259,16
6260,15
6261,6
6262,2
6263,0
6264,3
6265,18
6266,5
6267,17
6268,8
6269,8
6270,6
6271,6
6272,12
6273,5
6274,5
6275,12
6276,14
6277,3
6278,11
6279,16
6280,4
6281,5
6282,15
6283,1
6284,14
6285,8
6286,8
6287,12
6288,0
6289,5
6290,17
6291,10
6292,3
6293,16
6294,2
6295,1
6296,9
6297,16
6298,8
6299,4
6300,12
6301,6
6302,2
6303,16
6304,18
6305,1
6306,4
6307,8
6308,6
6309,16
6310,10
6311,4
6312,19
6313,2
6314,15
6315,8
6316,11
6317,4
6318,11
6319,12
6320,16
6321,0
6322,6
6323,1
6324,8
6325,15
6326,3
6327,16
6328,0
6329,8
6330,12
6331,19
6332,13
6333,3
6334,16
6335,6
6336,5
6337,17
6338,13
6339,8
6340,12
6341,4
6342,1
6343,4
6344,2
6345,4
6346,9
6347,7
6348,8
6349,13
6350,14
6351,8
6352,2
6353,18
6354,12
6355,5
6356,13
6357,10
6358,4
6359,8
6360,12
6361,11
6362,14
6363,19
6364,13
6365,4
6366,7
6367,12
6368,4
6369,15
6370,10
6371,5
6372,7
6373,3
6374,10
6375,16
6376,17
6377,18
6378,18
6379,10
6380,11
6381,13
6382,4
6383,3
6384,2
6385,13
6386,4
6387,14
6388,6
6389,18
6390,11
6391,0
6392,14
6393,7
6394,3
6395,8
6396,16
6397,8
6398,12
6399,4
6400,11
6401,9
6402,15
6403,7
6404,10
6405,5
6406,9
6407,12
6408,12
6409,9
6410,12
6411,6
6412,15
6413,9
6414,7
6415,2
6416,7
6417,7
6418,10
6419,16
6420,3
6421,11
6422,5
6423,9
6424,12
6425,12
6426,15
6427,4
6428,12
6429,12
6430,16
6431,11
6432,4
6433,5
6434,8
6435,12
6436,12
6437,7
6438,13
6439,17
6440,4
6441,16
6442,10
6443,12
6444,1
6445,3
6446,16
6447,3
6448,5
6449,12
6450,10
6451,14
6452,5
6453,1
6454,1
6455,7
6456,10
6457,12
6458,13
6459,13
6460,12
6461,1
6462,3
6463,8
6464,18
6465,7
6466,2
6467,18
6468,8
6469,7
6470,5
6471,17
6472,3
6473,18
6474,7
6475,0
6476,12
6477,7
6478,19
6479,6
6480,17
6481,7
6482,19
6483,8
6484,0
6485,11
6486,0
6487,1
6488,9
6489,14
6490,14
6491,12
6492,6
6493,1
6494,11
6495,13
6496,15
6497,2
6498,13
6499,9
6500,8
6501,13
6502,15
6503,13
6504,6
6505,1
6506,11
6507,17
6508,6
6509,6
6510,15
6511,15
6512,7
6513,4
6514,8
6515,7
6516,12
6517,8
6518,3
6519,2
6520,12
6521,7
6522,2
6523,5
6524,4
6525,16
6526,15
6527,12
6528,8
6529,6
6530,7
6531,19
6532,12
6533,3
6534,17
6535,18
6536,9
6537,8
6538,14
6539,17
6540,12
6541,8
6542,3
6543,18
6544,6
6545,4
6546,14
6547,19
6548,17
6549,12
6550,3
6551,15
6552,7
6553,9
6554,12
6555,1
6556,14
6557,7
6558,4
6559,2
6560,17
6561,12
6562,19
6563,12
6564,5
6565,4
6566,5
6567,12
6568,7
6569,13
6570,8
6571,13
6572,7
6573,15
6574,11
6575,4
6576,12
6577,1
6578,3
6579,12
6580,15
6581,15
6582,5
6583,16
6584,9
6585,3
6586,6
6587,16
6588,7
6589,17
6590,14
6591,10
6592,18
6593,5
6594,6
6595,19
6596,17
6597,10
6598,15
6599,2
6600,5
6601,1
6602,3
6603,16
6604,3
6605,3
6606,8
6607,15
6608,6
6609,6
6610,6
6611,1
6612,10
6613,6
6614,3
6615,14
6616,3
6617,8
6618,1
6619,8
6620,16
6621,6
6622,1
6623,1
6624,13
6625,19
6626,12
6627,6
6628,7
6629,16
6630,6
6631,4
6632,16
6633,6
6634,1
6635,3
6636,7
6637,8
6638,3
6639,2
6640,11
6641,10
6642,11
6643,9
6644,13
6645,18
6646,6
6647,5
6648,14
6649,0
6650,12
6651,1
6652,9
6653,18
6654,10
6655,12
6656,4
6657,10
6658,17
6659,10
6660,0
6661,3
6662,8
6663,1
6664,14
6665,16
6666,14
6667,7
6668,5
6669,12
6670,4
6671,17
6672,10
6673,12
6674,6
6675,12
6676,7
6677,4
6678,3
6679,0
6680,10
6681,8
6682,7
6683,13
6684,1
6685,5
6686,3
6687,19
6688,11
6689,17
6690,19
6691,13
6692,12
6693,12
6694,3
6695,1
6696,8
6697,7
6698,18
6699,13
6700,12
6701,7
6702,9
6703,12
6704,9
6705,1
6706,12
6707,19
6708,3
6709,3
6710,9
6711,12
6712,15
6713,12
6714,10
6715,14
6716,7
6717,8
6718,13
6719,12
6720,12
6721,15
6722,14
6723,10
6724,12
6725,16
6726,5
6727,13
6728,15
6729,15
6730,14
6731,7
6732,2
6733,3
6734,17
6735,15
6736,7
6737,12
6738,2
6739,13
6740,8
6741,14
6742,14
6743,5
6744,2
6745,11
6746,10
6747,6
6748,1
6749,9
6750,2
6751,12
6752,10
6753,17
6754,7
6755,12
6756,9
6757,3
6758,4
6759,3
6760,8
6761,2
6762,10
6763,16
6764,3
6765,19
6766,17
6767,13
6768,2
6769,4
6770,12
6771,10
6772,13
6773,2
6774,9
6775,16
6776,9
6777,11
6778,4
6779,12
6780,0
6781,4
6782,6
6783,8
6784,6
6785,16
6786,15
6787,8
6788,3
6789,6
6790,12
6791,17
6792,12
6793,2
6794,0
6795,15
6796,3
6797,2
6798,12
6799,12
6800,12
6801,7
6802,13
6803,4
6804,4
6805,3
6806,6
6807,12
6808,10
6809,2
6810,11
6811,9
6812,17
6813,7
6814,8
6815,3
6816,17
6817,19
6818,7
6819,5
6820,16
6821,3
6822,4
6823,15
6824,2
6825,6
6826,2
6827,6
6828,7
6829,4
6830,14
6831,16
6832,6
6833,1
6834,6
6835,12
6836,4
6837,3
6838,17
6839,1
6840,17
6841,8
6842,7
6843,12
6844,7
6845,0
6846,15
6847,2
6848,18
6849,18
6850,5
6851,16
6852,4
6853,16
6854,5
6855,18
6856,7
6857,16
6858,16
6859,2
6860,14
6861,11
6862,7
6863,15
6864,6
6865,12
6866,2
6867,7
6868,2
6869,3
6870,1
6871,18
6872,16
6873,0
6874,19
6875,12
6876,6
6877,1
6878,12
6879,6
6880,10
6881,19
6882,3
6883,10
6884,15
6885,1
6886,2
6887,1
6888,14
6889,3
6890,1
6891,9
6892,4
6893,9
6894,15
6895,11
6896,16
6897,18
6898,10
6899,16
6900,15
6901,17
6902,3
6903,12
6904,9
6905,9
6906,9
6907,0
6908,8
6909,17
6910,18
6911,7
6912,1
6913,13
6914,11
6915,5
6916,3
6917,1
6918,9
6919,16
6920,12
6921,15
6922,13
6923,4
6924,8
6925,16
6926,12
6927,3
6928,18
6929,17
6930,1
6931,14
6932,3
6933,19
6934,4
6935,15
6936,16
6937,10
6938,12
6939,1
6940,11
6941,6
6942,18
6943,16
6944,11
6945,6
6946,5
6947,3
6948,13
6949,5
6950,3
6951,7
6952,0
6953,17
6954,15
6955,6
6956,14
6957,16
6958,12
6959,15
6960,16
6961,4
6962,1
6963,3
6964,1
6965,16
6966,13
6967,3
6968,4
6969,7
6970,3
6971,19
6972,3
6973,1
6974,1
6975,1
6976,12
6977,7
6978,4
6979,8
6980,8
6981,16
6982,1
6983,0
6984,13
6985,4
6986,6
6987,2
6988,16
6989,9
6990,10
6991,9
6992,13
6993,15
6994,12
6995,10
6996,12
6997,2
6998,10
6999,2
7000,16
7001,13
7002,17
7003,14
7004,1
7005,6
7006,15
7007,5
7008,7
7009,5
7010,12
7011,1
7012,3
7013,4
7014,13
7015,17
7016,13
7017,3
7018,13
7019,8
7020,3
7021,3
7022,6
7023,3
7024,18
7025,4
7026,10
7027,15
7028,11
7029,7
7030,12
7031,9
7032,16
7033,2
7034,10
7035,13
7036,14
7037,10
7038,9
7039,4
7040,17
7041,2
7042,8
7043,14
7044,11
7045,1
7046,13
7047,18
7048,15
7049,3
7050,4
7051,14
7052,4
7053,5
7054,5
7055,14
7056,2
7057,0
7058,17
7059,12
7060,7
7061,18
7062,12
7063,14
7064,4
7065,1
7066,12
7067,5
7068,3
7069,11
7070,19
7071,4
7072,8
7073,6
7074,15
7075,8
7076,4
7077,4
7078,2
7079,0
7080,13
7081,3
7082,10
7083,13
7084,14
7085,9
7086,2
7087,15
7088,12
7089,3
7090,8
7091,17
7092,8
7093,1
7094,3
7095,7
7096,6
7097,13
7098,10
7099,5
7100,5
7101,2
7102,12
7103,9
7104,6
7105,13
7106,5
7107,13
7108,4
7109,17
7110,17
7111,5
7112,14
7113,2
7114,9
7115,7
7116,1
7117,17
7118,10
7119,8
7120,0
7121,13
7122,15
7123,8
7124,2
7125,8
7126,5
7127,9
7128,9
7129,8
7130,13
7131,14
7132,7
7133,12
7134,2
7135,6
7136,14
7137,9
7138,10
7139,16
7140,1
7141,11
7142,2
7143,8
7144,16
7145,12
7146,1
7147,1
7148,3
7149,10
7150,19
7151,0
7152,1
7153,1
7154,5
7155,3
7156,10
7157,10
7158,13
7159,13
7160,2
7161,3
7162,14
7163,2
7164,2
7165,19
7166,11
7167,12
7168,4
7169,12
7170,12
7171,1
7172,12
7173,14
7174,12
7175,12
7176,1
7177,14
7178,7
7179,19
7180,19
7181,12
7182,0
7183,3
7184,11
7185,16
7186,1
7187,15
7188,15
7189,4
7190,15
7191,5
7192,15
7193,5
7194,6
7195,3
7196,2
7197,11
7198,9
7199,10
7200,9
7201,11
7202,18
7203,11
7204,16
7205,7
7206,9
7207,16
7208,15
7209,12
7210,3
7211,12
7212,8
7213,14
7214,12
7215,9
7216,12
7217,1
7218,6
7219,9
7220,19
7221,8
7222,1
7223,10
7224,7
7225,2
7226,12
7227,15
7228,15
7229,4
7230,13
7231,15
7232,12
7233,7
7234,0
7235,3
7236,17
7237,11
7238,10
7239,14
7240,11
7241,13
7242,7
7243,13
7244,5
7245,9
7246,11
7247,11
7248,0
7249,10
7250,12
7251,4
7252,4
7253,9
7254,12
7255,7
7256,2
7257,9
7258,9
7259,12
7260,10
7261,0
7262,1
7263,19
7264,14
7265,14
7266,12
7267,16
7268,4
7269,15
7270,6
7271,5
7272,15
7273,2
7274,16
7275,12
7276,4
7277,6
7278,3
7279,10
7280,2
7281,2
7282,1
7283,17
7284,3
7285,2
7286,5
7287,12
7288,17
7289,7
7290,8
7291,3
7292,4
7293,12
7294,0
7295,3
7296,10
7297,18
7298,18
7299,12
7300,17
7301,14
7302,4
7303,8
7304,5
7305,9
7306,3
7307,19
7308,6
7309,17
7310,7
7311,15
7312,7
7313,2
7314,8
7315,2
7316,2
7317,3
7318,7
7319,0
7320,8
7321,14
7322,12
7323,10
7324,11
7325,16
7326,15
7327,12
7328,12
7329,9
7330,13
7331,14
7332,2
7333,9
7334,9
7335,15
7336,2
7337,1
7338,4
7339,4
7340,15
7341,12
7342,2
7343,7
7344,15
7345,6
7346,6
7347,18
7348,10
7349,2
7350,17
7351,4
7352,1
7353,12
7354,10
7355,9
7356,2
7357,11
7358,16
7359,7
7360,17
7361,12
7362,11
7363,14
7364,19
7365,7
7366,2
7367,0
7368,13
7369,6
7370,14
7371,14
7372,3
7373,9
7374,15
7375,9
7376,6
7377,14
7378,13
7379,8
7380,11
7381,16
7382,4
7383,16
7384,3
7385,4
7386,10
7387,15
7388,6
7389,0
7390,4
7391,6
7392,2
7393,16
7394,9
7395,13
7396,17
7397,18
7398,9
7399,9
7400,12
7401,3
7402,2
7403,12
7404,19
7405,12
7406,14
7407,9
7408,19
7409,16
7410,3
7411,7
7412,17
7413,12
7414,18
7415,4
7416,3
7417,16
7418,14
7419,9
7420,8
7421,19
7422,19
7423,6
7424,10
7425,13
7426,12
7427,15
7428,7
7429,5
7430,14
7431,11
7432,7
7433,1
7434,8
7435,9
7436,9
7437,12
7438,3
7439,10
7440,14
7441,3
7442,13
7443,1
7444,12
7445,12
7446,4
7447,9
7448,6
7449,11
7450,17
7451,9
7452,1
7453,3
7454,6
7455,18
7456,0
7457,14
7458,16
7459,17
7460,1
7461,3
7462,4
7463,1
7464,15
7465,6
7466,11
7467,12
7468,17
7469,13
7470,1
7471,8
7472,2
7473,6
7474,17
7475,4
7476,5
7477,7
7478,6
7479,4
7480,3
7481,10
7482,6
7483,15
7484,10
7485,16
7486,10
7487,9
7488,12
7489,15
7490,5
7491,18
7492,0
7493,5
7494,5
7495,3
7496,14
7497,15
7498,2
7499,3
7500,10
7501,7
7502,6
7503,17
7504,16
7505,0
7506,2
7507,12
7508,6
7509,12
7510,12
7511,13
7512,7
7513,3
7514,2
7515,16
7516,13
7517,16
7518,11
7519,3
7520,13
7521,4
7522,13
7523,3
7524,18
7525,12
7526,6
7527,14
7528,3
7529,9
7530,12
7531,15
